sha256,object_path,extension,file_size,representative_filename,source_count,source_urls,olympiad_family,year,stage_or_round,document_type,language
067d35c81f9afc57662fe97df2d7c9d6d28f20cf90c3522a8b561049c4af73a8,data/archive/objects/067d35c81f9afc57662fe97df2d7c9d6d28f20cf90c3522a8b561049c4af73a8.html,html,98321,2004--czech-astronomy--unknown--info--cs--info-page--official.html,1,https://olympiada.astro.cz/archiv/01-rocnik-2003-04/,czech_astronomy,2004,unknown,info,cs
99f171b6bbb9630fe1dd72149dd8f34ff423309d48e36cafc4a7c4348658a6f5,data/archive/objects/99f171b6bbb9630fe1dd72149dd8f34ff423309d48e36cafc4a7c4348658a6f5.html,html,96266,2005--czech-astronomy--unknown--info--cs--info-page--official.html,1,https://olympiada.astro.cz/archiv/02-rocnik-2004-05/,czech_astronomy,2005,unknown,info,cs
95b0b65353e78e547b57326515bf3278396b19bf29df9fd4455346e852aabec7,data/archive/objects/95b0b65353e78e547b57326515bf3278396b19bf29df9fd4455346e852aabec7.html,html,88168,2006--czech-astronomy--unknown--info--cs--info-page--official.html,1,https://olympiada.astro.cz/archiv/03-rocnik-2005-06/,czech_astronomy,2006,unknown,info,cs
1460a79fb483c3cedef8256305f6f0e846896945cfb7b40439ed83da30a37ee3,data/archive/objects/1460a79fb483c3cedef8256305f6f0e846896945cfb7b40439ed83da30a37ee3.pdf,pdf,254445,2020--czech-astronomy--regional--info--cs--priloha-zobrazit-application-kb--official.pdf,1,https://olympiada.astro.cz/f/detail/87?hash=3008903de534e019d61b07afe9b86fe80e6ae1e3,czech_astronomy,2020,regional,info,cs
7b1c51d9e1b9014def0f9835a9a3fc12c5d8bdd8e2c8e7387ec8ca67e7b5e77c,data/archive/objects/7b1c51d9e1b9014def0f9835a9a3fc12c5d8bdd8e2c8e7387ec8ca67e7b5e77c.pdf,pdf,350431,2020--czech-astronomy--regional--solutions--cs--reseni-zobrazit-application-kb--official-v2.pdf,1,https://olympiada.astro.cz/f/detail/84?hash=c500e1ba5a6044d0692a63d80cd5d9e4cbedb31a,czech_astronomy,2020,regional,solutions,cs
b89f1e725fa9ef451705aac8f55bdc53034d095c2f818436c8ad711817ecae65,data/archive/objects/b89f1e725fa9ef451705aac8f55bdc53034d095c2f818436c8ad711817ecae65.pdf,pdf,801967,2020--czech-astronomy--regional--solutions--cs--reseni-zobrazit-application-kb--official-v3.pdf,1,https://olympiada.astro.cz/f/detail/85?hash=33b479e10382efa31cf3d172c8cdf59b17289d42,czech_astronomy,2020,regional,solutions,cs
9e6abe0726ec591036046e94bf32132c4de10b95805dc6e31227ba60ad172c18,data/archive/objects/9e6abe0726ec591036046e94bf32132c4de10b95805dc6e31227ba60ad172c18.pdf,pdf,882716,2020--czech-astronomy--regional--solutions--cs--reseni-zobrazit-application-kb--official.pdf,1,https://olympiada.astro.cz/f/detail/82?hash=73cd8d6ea2aceb9d05ea1e76b635532acff953da,czech_astronomy,2020,regional,solutions,cs
cdfd07cf77261e979a601daf54fb42fc2f0b15b9d80bedee2d5a209ebdad40e8,data/archive/objects/cdfd07cf77261e979a601daf54fb42fc2f0b15b9d80bedee2d5a209ebdad40e8.pdf,pdf,2303801,2020--czech-astronomy--regional--solutions--cs--reseni-zobrazit-application-mb--official.pdf,1,https://olympiada.astro.cz/f/detail/86?hash=a075c97a7be8e6a745dce85beb8226f8396f5185,czech_astronomy,2020,regional,solutions,cs
876b64bc20de1967cb3e84827c031d8da69066aa248e62b4ecc73d9475e56d0e,data/archive/objects/876b64bc20de1967cb3e84827c031d8da69066aa248e62b4ecc73d9475e56d0e.pdf,pdf,1502672,2021--czech-astronomy--final--solutions--cs--data-analysis--official-v2.pdf,1,https://olympiada.astro.cz/f/detail/79?hash=1711f5af0b67bc38304577f5876763a80e74f3ab,czech_astronomy,2021,final,solutions,cs
76664bb2ddc0638073ffc3ad7d4c3bb409a3e9513938b91940ccf1c8077b6edd,data/archive/objects/76664bb2ddc0638073ffc3ad7d4c3bb409a3e9513938b91940ccf1c8077b6edd.pdf,pdf,902268,2021--czech-astronomy--final--solutions--cs--data-analysis--official.pdf,1,https://olympiada.astro.cz/f/detail/76?hash=0311d9a91f1ef11bc8d8f68cf45d206d473a2418,czech_astronomy,2021,final,solutions,cs
a7f6f7054af51fc529cfb5745175390128ce2811d4614fc863ba788d7743020a,data/archive/objects/a7f6f7054af51fc529cfb5745175390128ce2811d4614fc863ba788d7743020a.pdf,pdf,342931,2021--czech-astronomy--final--solutions--cs--reseni-t-zobrazit-application--official-v2.pdf,1,https://olympiada.astro.cz/f/detail/72?hash=dc08186aea79e09e8164d86c4666a884d9440a98,czech_astronomy,2021,final,solutions,cs
ca07aadd5de032714337fa535c971d3baac77fe0f938983c49d5da247006ef9e,data/archive/objects/ca07aadd5de032714337fa535c971d3baac77fe0f938983c49d5da247006ef9e.pdf,pdf,388685,2021--czech-astronomy--final--solutions--cs--reseni-t-zobrazit-application--official.pdf,1,https://olympiada.astro.cz/f/detail/69?hash=3246add9263dda89c54ab066e1deb3757a06c2ee,czech_astronomy,2021,final,solutions,cs
0c35ece30b104098f1f66bc20b47a5cdfbfed47de6977cfb3b946f1739afa0b2,data/archive/objects/0c35ece30b104098f1f66bc20b47a5cdfbfed47de6977cfb3b946f1739afa0b2.pdf,pdf,875471,2021--czech-astronomy--final--solutions--cs--reseni-zobrazit-application-kb--official.pdf,1,https://olympiada.astro.cz/f/detail/78?hash=eb2afa9504b86e2dda0162a7962934917a3a4d43,czech_astronomy,2021,final,solutions,cs
362e24df6ffed4261f1b6069affd627688df333a35662574545deef3ea28e78c,data/archive/objects/362e24df6ffed4261f1b6069affd627688df333a35662574545deef3ea28e78c.pdf,pdf,1801916,2021--czech-astronomy--final--solutions--cs--reseni-zobrazit-application-mb--official.pdf,1,https://olympiada.astro.cz/f/detail/75?hash=791592a29df9c7201b09c8cc0641c1e0a23db7d4,czech_astronomy,2021,final,solutions,cs
6711d7d36781d4c111558a67bffb3a038345eaaf5f6490a660d41723b6237a7d,data/archive/objects/6711d7d36781d4c111558a67bffb3a038345eaaf5f6490a660d41723b6237a7d.pdf,pdf,267972,2021--czech-astronomy--regional--solutions--cs--reseni-zobrazit-application-kb--official-v2.pdf,1,https://olympiada.astro.cz/f/detail/73?hash=62270e5f093e77a3c59ee18a5018cbb0121b7d40,czech_astronomy,2021,regional,solutions,cs
2b5d99adfc73685c60d1f9c73118807dc677e0721da57aeaa3142649397a6840,data/archive/objects/2b5d99adfc73685c60d1f9c73118807dc677e0721da57aeaa3142649397a6840.pdf,pdf,493617,2021--czech-astronomy--regional--solutions--cs--reseni-zobrazit-application-kb--official-v3.pdf,1,https://olympiada.astro.cz/f/detail/74?hash=0250acf1d64485b0d34a82b6499727af007d4ce9,czech_astronomy,2021,regional,solutions,cs
bce2ab2cef8023253e077375703ef929f49bbedcc1f591263313661bc90156e5,data/archive/objects/bce2ab2cef8023253e077375703ef929f49bbedcc1f591263313661bc90156e5.pdf,pdf,530576,2021--czech-astronomy--regional--solutions--cs--reseni-zobrazit-application-kb--official-v4.pdf,1,https://olympiada.astro.cz/f/detail/77?hash=3a54df05b9bb154c29bb4aac1b6ddbeb0a13c421,czech_astronomy,2021,regional,solutions,cs
fe3f53a756564cf520f5bf1982738cfb120f4b793517f3a03903b15d15250343,data/archive/objects/fe3f53a756564cf520f5bf1982738cfb120f4b793517f3a03903b15d15250343.pdf,pdf,442469,2021--czech-astronomy--regional--solutions--cs--reseni-zobrazit-application-kb--official.pdf,1,https://olympiada.astro.cz/f/detail/70?hash=1bb005b2b624ad71432d15cd08488007df6b7109,czech_astronomy,2021,regional,solutions,cs
40cccbe9a178f97ec665fcd3bb73c24a2e128b86b804d30886ef94b6fe641569,data/archive/objects/40cccbe9a178f97ec665fcd3bb73c24a2e128b86b804d30886ef94b6fe641569.pdf,pdf,477266,2021--czech-astronomy--school--solutions--cs--reseni-zobrazit-application-kb--official-v2.pdf,1,https://olympiada.astro.cz/f/detail/71?hash=e09704d0c9dab54b3a668dfda7ed187841c24654,czech_astronomy,2021,school,solutions,cs
f94f379cf9d63e6b03606d42ac2c706b1e1204c2bb95871bb18014877771a50e,data/archive/objects/f94f379cf9d63e6b03606d42ac2c706b1e1204c2bb95871bb18014877771a50e.pdf,pdf,242227,2021--czech-astronomy--school--solutions--cs--reseni-zobrazit-application-kb--official.pdf,1,https://olympiada.astro.cz/f/detail/68?hash=c69c6f8f4057983b193d9d1d21514c4862077d81,czech_astronomy,2021,school,solutions,cs
ca05215db676188b3c8ae05296e52d79734bbf73620cc197e275b1b8c95c9e84,data/archive/objects/ca05215db676188b3c8ae05296e52d79734bbf73620cc197e275b1b8c95c9e84.pdf,pdf,1544513,2021--czech-astronomy--school--solutions--cs--reseni-zobrazit-application-mb--official-v2.pdf,1,https://olympiada.astro.cz/f/detail/81?hash=74ece73f98123f5fbc42d3cd5f29a60d42e90490,czech_astronomy,2021,school,solutions,cs
7690b4776505798ca83e722dec7b8c883478613b0bd737b4a5149106841292b8,data/archive/objects/7690b4776505798ca83e722dec7b8c883478613b0bd737b4a5149106841292b8.pdf,pdf,1285373,2021--czech-astronomy--school--solutions--cs--reseni-zobrazit-application-mb--official.pdf,1,https://olympiada.astro.cz/f/detail/80?hash=c77e7769f48c98d7cd9eeec6517414c1e234baf8,czech_astronomy,2021,school,solutions,cs
87de90660e3e90d9760b742b7bcc8ab6a56de3e0f87b1ae1442d3bb0510b5b6f,data/archive/objects/87de90660e3e90d9760b742b7bcc8ab6a56de3e0f87b1ae1442d3bb0510b5b6f.pdf,pdf,6235585,2022--czech-astronomy--final--solutions--cs--data-analysis--official-v2.pdf,1,https://olympiada.astro.cz/f/detail/62?hash=b9e6c0b66dc2f93c41097d3aa8a4f798d737daaf,czech_astronomy,2022,final,solutions,cs
5740df12b0be421b08f7fdbe28389dd96d54989c7cadad0f51eb665e11b100f2,data/archive/objects/5740df12b0be421b08f7fdbe28389dd96d54989c7cadad0f51eb665e11b100f2.pdf,pdf,351694,2022--czech-astronomy--final--solutions--cs--data-analysis--official.pdf,1,https://olympiada.astro.cz/f/detail/58?hash=91b4730a50b8ff84d75c70e306fbc3cf368d4523,czech_astronomy,2022,final,solutions,cs
88becae4f593f2deb9f11962c800f29b92127deef06d6c5fc5641db757bcdaa1,data/archive/objects/88becae4f593f2deb9f11962c800f29b92127deef06d6c5fc5641db757bcdaa1.pdf,pdf,328657,2022--czech-astronomy--final--solutions--cs--reseni-t-zobrazit-application--official-v2.pdf,1,https://olympiada.astro.cz/f/detail/60?hash=504a21aed6b7ba3bba0837771c55e155f2cf8dca,czech_astronomy,2022,final,solutions,cs
b17fcad4cc9bacf9aec1e6c4cebc5cf14a41ddcb0355c19db5df1129fbdb520c,data/archive/objects/b17fcad4cc9bacf9aec1e6c4cebc5cf14a41ddcb0355c19db5df1129fbdb520c.pdf,pdf,291444,2022--czech-astronomy--final--solutions--cs--reseni-t-zobrazit-application--official.pdf,1,https://olympiada.astro.cz/f/detail/57?hash=55d65915ec50e7d677f1485592a4aae62bc6af9c,czech_astronomy,2022,final,solutions,cs
e789240086c1f4980eb1b14499c7eedd9b38241349e18d3874c09a3ab260ce61,data/archive/objects/e789240086c1f4980eb1b14499c7eedd9b38241349e18d3874c09a3ab260ce61.pdf,pdf,298688,2022--czech-astronomy--final--solutions--cs--reseni-zobrazit-application-kb--official.pdf,1,https://olympiada.astro.cz/f/detail/59?hash=99bfd242094c5f8da115554b4281fa2feedb0c1c,czech_astronomy,2022,final,solutions,cs
891077d05aec2c92d82ea76441833a44610975857393c5c4af53aa828ad5cc79,data/archive/objects/891077d05aec2c92d82ea76441833a44610975857393c5c4af53aa828ad5cc79.pdf,pdf,1243137,2022--czech-astronomy--final--solutions--cs--reseni-zobrazit-application-mb--official.pdf,1,https://olympiada.astro.cz/f/detail/61?hash=72f4e7603c9965d0e7be1c5c8027a53383cb1f71,czech_astronomy,2022,final,solutions,cs
4b1d3eb380cf39a725479b3e84d5d60f1bc2db3d704baf317cc675c66ef926a3,data/archive/objects/4b1d3eb380cf39a725479b3e84d5d60f1bc2db3d704baf317cc675c66ef926a3.pdf,pdf,737010,2022--czech-astronomy--regional--solutions--cs--reseni-zobrazit-application-kb--official-v2.pdf,1,https://olympiada.astro.cz/f/detail/51?hash=7cf431340ba0364a04574ada8fdf9562885d1cbc,czech_astronomy,2022,regional,solutions,cs
43bcde04839f64abfe13e32d1cc267023700ff47ef2edb0931288ef8eac898a4,data/archive/objects/43bcde04839f64abfe13e32d1cc267023700ff47ef2edb0931288ef8eac898a4.pdf,pdf,881664,2022--czech-astronomy--regional--solutions--cs--reseni-zobrazit-application-kb--official.pdf,1,https://olympiada.astro.cz/f/detail/50?hash=eceb2413d482026cfff31efce90dd0a18a6aa59d,czech_astronomy,2022,regional,solutions,cs
a492e7249494f874dc50b287efacf27a55046b221658884c98489218a0a640ac,data/archive/objects/a492e7249494f874dc50b287efacf27a55046b221658884c98489218a0a640ac.pdf,pdf,2829149,2022--czech-astronomy--regional--solutions--cs--reseni-zobrazit-application-mb--official-v2.pdf,1,https://olympiada.astro.cz/f/detail/53?hash=dff6618064b822cca2c799507e99427bb991fc00,czech_astronomy,2022,regional,solutions,cs
0945b8af14dd5d76014a1c3a06273104d9a7fad2f928b5c693b215078a218cbc,data/archive/objects/0945b8af14dd5d76014a1c3a06273104d9a7fad2f928b5c693b215078a218cbc.pdf,pdf,2293145,2022--czech-astronomy--regional--solutions--cs--reseni-zobrazit-application-mb--official.pdf,1,https://olympiada.astro.cz/f/detail/52?hash=6004cfa75d3e4a3f8f41325a253ded8fabcb09cb,czech_astronomy,2022,regional,solutions,cs
e712a0a580e18094a995ad9b59d6cfc32126fa81b45e8a476f8fa821c606791e,data/archive/objects/e712a0a580e18094a995ad9b59d6cfc32126fa81b45e8a476f8fa821c606791e.pdf,pdf,819506,2022--czech-astronomy--school--solutions--cs--reseni-zobrazit-application-kb--official.pdf,1,https://olympiada.astro.cz/f/detail/49?hash=767dde3fee225be79e18c3b4171276d4fa255b01,czech_astronomy,2022,school,solutions,cs
ca43180eef25b68f2210a516a80e602e900b0c416ff7be0c28947f602443baf0,data/archive/objects/ca43180eef25b68f2210a516a80e602e900b0c416ff7be0c28947f602443baf0.pdf,pdf,7647151,2023--czech-astronomy--final--solutions--cs--data-analysis--official-v2.pdf,1,https://olympiada.astro.cz/f/detail/48?hash=3b3888d7ec5a63500d27ee4c584b065c35d7cc23,czech_astronomy,2023,final,solutions,cs
968c6135defcbcce89111149b1f8709a74d2c0fd7c25a1607296632b4d572a18,data/archive/objects/968c6135defcbcce89111149b1f8709a74d2c0fd7c25a1607296632b4d572a18.pdf,pdf,677105,2023--czech-astronomy--final--solutions--cs--data-analysis--official.pdf,1,https://olympiada.astro.cz/f/detail/43?hash=638d9d5ccb3f402a7117ce3ca41040cc7ed6a776,czech_astronomy,2023,final,solutions,cs
bd55bf3fe8408a2cb99d0775ec72fc1934e86c5f67cd361814913991970be059,data/archive/objects/bd55bf3fe8408a2cb99d0775ec72fc1934e86c5f67cd361814913991970be059.pdf,pdf,876913,2023--czech-astronomy--final--solutions--cs--reseni-t-zobrazit-application--official-v2.pdf,1,https://olympiada.astro.cz/f/detail/47?hash=64a5d74f37069c283f98e76db8e9a514c91d1ad1,czech_astronomy,2023,final,solutions,cs
3bde72abf3cb4c5c8c54db2e3816e125556d20dd93c1907ba82ed5d18e94f64e,data/archive/objects/3bde72abf3cb4c5c8c54db2e3816e125556d20dd93c1907ba82ed5d18e94f64e.pdf,pdf,420264,2023--czech-astronomy--final--solutions--cs--reseni-t-zobrazit-application--official.pdf,1,https://olympiada.astro.cz/f/detail/45?hash=ff209d962061184d136cf3b26e50bbe0e9db4223,czech_astronomy,2023,final,solutions,cs
a7a66ff25b43ac18da9f69266b6508424235cfde2465a0ec0edaad45bb3b4c59,data/archive/objects/a7a66ff25b43ac18da9f69266b6508424235cfde2465a0ec0edaad45bb3b4c59.pdf,pdf,531440,2023--czech-astronomy--final--solutions--cs--reseni-zobrazit-application-kb--official-v2.pdf,1,https://olympiada.astro.cz/f/detail/46?hash=0dab252bc0aaa7a231eaaad8932078774ffdff98,czech_astronomy,2023,final,solutions,cs
df8e0c934609e52d179d0c85efa63417a45ae9ff6b6036b44af90a5c2ccdad37,data/archive/objects/df8e0c934609e52d179d0c85efa63417a45ae9ff6b6036b44af90a5c2ccdad37.pdf,pdf,215239,2023--czech-astronomy--final--solutions--cs--reseni-zobrazit-application-kb--official.pdf,1,https://olympiada.astro.cz/f/detail/44?hash=5c1ec54f076ed432a93d71076f9ee8acaa79cf94,czech_astronomy,2023,final,solutions,cs
1a8a5772c9a74d1bde9b0630d141de7df340ee4bb22c9206e69dea53f96f0321,data/archive/objects/1a8a5772c9a74d1bde9b0630d141de7df340ee4bb22c9206e69dea53f96f0321.pdf,pdf,409481,2023--czech-astronomy--regional--solutions--cs--reseni-zobrazit-application-kb--official-v2.pdf,1,https://olympiada.astro.cz/f/detail/36?hash=416aba9b45b8b96fff30674eefce59c1cbd6fca1,czech_astronomy,2023,regional,solutions,cs
979a5d0534357d5fa0f867db8fb6c4d6eeb7e243cff87a5951cd5287a53b85da,data/archive/objects/979a5d0534357d5fa0f867db8fb6c4d6eeb7e243cff87a5951cd5287a53b85da.pdf,pdf,404048,2023--czech-astronomy--regional--solutions--cs--reseni-zobrazit-application-kb--official-v3.pdf,1,https://olympiada.astro.cz/f/detail/37?hash=1ade550b80fe6c7069ac8bbbbeb5cbc3c4d32c31,czech_astronomy,2023,regional,solutions,cs
604907bb07dce054f88e98be66cdd340dd48ba29c07b0710b3dab7ce4ba4d436,data/archive/objects/604907bb07dce054f88e98be66cdd340dd48ba29c07b0710b3dab7ce4ba4d436.pdf,pdf,482105,2023--czech-astronomy--regional--solutions--cs--reseni-zobrazit-application-kb--official-v4.pdf,1,https://olympiada.astro.cz/f/detail/38?hash=bc86657553ff42fe2c39e6640ad1e3435d1af7be,czech_astronomy,2023,regional,solutions,cs
fb4df7c3afb8fa8f574e98ec573b68f64bfecdadf53bde0755761001276bb353,data/archive/objects/fb4df7c3afb8fa8f574e98ec573b68f64bfecdadf53bde0755761001276bb353.pdf,pdf,349292,2023--czech-astronomy--regional--solutions--cs--reseni-zobrazit-application-kb--official.pdf,1,https://olympiada.astro.cz/f/detail/35?hash=0fe4d6f545130509a196d591b6604b403f7fc9ea,czech_astronomy,2023,regional,solutions,cs
12eeeddafa01116a2ff35ad07476e4488ff99cea8430f735db7889898c7f3251,data/archive/objects/12eeeddafa01116a2ff35ad07476e4488ff99cea8430f735db7889898c7f3251.pdf,pdf,957834,2023--czech-astronomy--school--solutions--cs--reseni-zobrazit-application-kb--official-v2.pdf,1,https://olympiada.astro.cz/f/detail/12?hash=4b1dbb7cf1f745e35077a8fe6d0ec5abd41ec312,czech_astronomy,2023,school,solutions,cs
df70e32fefafc9d34d7274b8558e4012ba0907c3d0f61e794d1d9978e1ddfb6e,data/archive/objects/df70e32fefafc9d34d7274b8558e4012ba0907c3d0f61e794d1d9978e1ddfb6e.pdf,pdf,240512,2023--czech-astronomy--school--solutions--cs--reseni-zobrazit-application-kb--official-v3.pdf,1,https://olympiada.astro.cz/f/detail/7?hash=2761834ec08c5806ef1f59314f6cd5de5550e14c,czech_astronomy,2023,school,solutions,cs
b660e8c9b49533aa4f0abc670173e3fa1a61ca2f8ce5e7f8e2344c079482502a,data/archive/objects/b660e8c9b49533aa4f0abc670173e3fa1a61ca2f8ce5e7f8e2344c079482502a.pdf,pdf,653072,2023--czech-astronomy--school--solutions--cs--reseni-zobrazit-application-kb--official.pdf,1,https://olympiada.astro.cz/f/detail/10?hash=c09a9983d29950116857b0eb1f3c9812aec8eb39,czech_astronomy,2023,school,solutions,cs
886f3ea0f4857e566bb0cfa00e3101c7e734afacde093c22e0788b0c0d5c547f,data/archive/objects/886f3ea0f4857e566bb0cfa00e3101c7e734afacde093c22e0788b0c0d5c547f.pdf,pdf,2730011,2023--czech-astronomy--school--solutions--cs--reseni-zobrazit-application-mb--official.pdf,1,https://olympiada.astro.cz/f/detail/6?hash=03be4d8dd6be633d58843d08835609084eb6f826,czech_astronomy,2023,school,solutions,cs
413be86a24cb16947f93bc0bf1bd7cef72eb6b126189507327de20a6b34c5ad6,data/archive/objects/413be86a24cb16947f93bc0bf1bd7cef72eb6b126189507327de20a6b34c5ad6.pdf,pdf,517959,2024--czech-astronomy--final--solutions--cs--data-analysis--official-v2.pdf,1,https://olympiada.astro.cz/f/detail/958?hash=ca82b0a910af70605423d50dd23b8c74dd156f77,czech_astronomy,2024,final,solutions,cs
e2924fbe40ba6f164ca0d45a46f309eaa814f72a2efd286a47c44caf76f8b224,data/archive/objects/e2924fbe40ba6f164ca0d45a46f309eaa814f72a2efd286a47c44caf76f8b224.pdf,pdf,566539,2024--czech-astronomy--final--solutions--cs--data-analysis--official.pdf,1,https://olympiada.astro.cz/f/detail/950?hash=95ec0e6e136fb8f7919c40f4db75d8685ae90268,czech_astronomy,2024,final,solutions,cs
2c30d63a8c0ecdea01808e51442ba6adef151baef4592315bdd63f428d8f9a84,data/archive/objects/2c30d63a8c0ecdea01808e51442ba6adef151baef4592315bdd63f428d8f9a84.pdf,pdf,225450,2024--czech-astronomy--final--solutions--cs--reseni-zobrazit-application-kb--official.pdf,1,https://olympiada.astro.cz/f/detail/961?hash=0b654960ca5d4ca9bed5c77696857009259a5db4,czech_astronomy,2024,final,solutions,cs
7e73b8f9ef43dbf8882ae54f01985fae36c866e9ddf7d7da276e5791771883ec,data/archive/objects/7e73b8f9ef43dbf8882ae54f01985fae36c866e9ddf7d7da276e5791771883ec.pdf,pdf,1068973,2024--czech-astronomy--final--solutions--cs--reseni-zobrazit-application-mb--official.pdf,1,https://olympiada.astro.cz/f/detail/962?hash=d946fd4bfb83744db9c6cac52d605e4368471222,czech_astronomy,2024,final,solutions,cs
1c27b3731bfaf0e39b7f575201cb057ffc583561dee44147b9cdb45fd5a7a465,data/archive/objects/1c27b3731bfaf0e39b7f575201cb057ffc583561dee44147b9cdb45fd5a7a465.pdf,pdf,1009404,2024--czech-astronomy--final--solutions--cs--theory--official-v2.pdf,1,https://olympiada.astro.cz/f/detail/957?hash=66082972722146e6445d69bed2e1778ca4e383e6,czech_astronomy,2024,final,solutions,cs
44e8c1e6f9e8ca166a2316172d841c3f87a712221958c5cd195ddd9140738e66,data/archive/objects/44e8c1e6f9e8ca166a2316172d841c3f87a712221958c5cd195ddd9140738e66.pdf,pdf,3769085,2024--czech-astronomy--final--solutions--cs--theory--official.pdf,1,https://olympiada.astro.cz/f/detail/951?hash=831cddd73e4d7c2ceaca0e7398ec4cb535c31b41,czech_astronomy,2024,final,solutions,cs
45e256abc875a0cbfbed502bbfb2b1d05058c7243d8b475cdd0e71230f830ef5,data/archive/objects/45e256abc875a0cbfbed502bbfb2b1d05058c7243d8b475cdd0e71230f830ef5.pdf,pdf,590613,2024--czech-astronomy--regional--solutions--cs--reseni-zobrazit-application-kb--official-v2.pdf,1,https://olympiada.astro.cz/f/detail/953?hash=9f860822bc33241e4fed4d80f0709a3b0aacfcaf,czech_astronomy,2024,regional,solutions,cs
2cd05ba31d8fbdc621193f8e567f6b89988fd48108191b756c9be8fc1de00b3a,data/archive/objects/2cd05ba31d8fbdc621193f8e567f6b89988fd48108191b756c9be8fc1de00b3a.pdf,pdf,447890,2024--czech-astronomy--regional--solutions--cs--reseni-zobrazit-application-kb--official-v3.pdf,1,https://olympiada.astro.cz/f/detail/954?hash=42064cfb7e62f114ed44950f421f7f45944f6999,czech_astronomy,2024,regional,solutions,cs
3cc7b092c324c9edd4d522fe72790d8f851db39a6b34a132acb819c4c74f0038,data/archive/objects/3cc7b092c324c9edd4d522fe72790d8f851db39a6b34a132acb819c4c74f0038.pdf,pdf,647885,2024--czech-astronomy--regional--solutions--cs--reseni-zobrazit-application-kb--official.pdf,1,https://olympiada.astro.cz/f/detail/952?hash=a0e6cba09da03f376818f565181af05382ce2371,czech_astronomy,2024,regional,solutions,cs
abed0577de8a2e2690f38f91c789598c198590cb4bed72ed3e975c95b717c7fb,data/archive/objects/abed0577de8a2e2690f38f91c789598c198590cb4bed72ed3e975c95b717c7fb.pdf,pdf,1218235,2024--czech-astronomy--regional--solutions--cs--reseni-zobrazit-application-mb--official.pdf,1,https://olympiada.astro.cz/f/detail/199?hash=81f64a682b74235526aee36a8fdee8366fb46cb8,czech_astronomy,2024,regional,solutions,cs
94814578964435cfad781105d0a17034e2ed44aaf3b860df5e9066615553857a,data/archive/objects/94814578964435cfad781105d0a17034e2ed44aaf3b860df5e9066615553857a.pdf,pdf,381070,2024--czech-astronomy--school--solutions--cs--reseni-zobrazit-application-kb--official-v2.pdf,1,https://olympiada.astro.cz/f/detail/131?hash=7a0cc27e9953504528e5bae0eb23ebf237072ae0,czech_astronomy,2024,school,solutions,cs
d4416954773dd68d85af0cecb665b1b490a6072a9c7ce921ba649726a0f70c6c,data/archive/objects/d4416954773dd68d85af0cecb665b1b490a6072a9c7ce921ba649726a0f70c6c.pdf,pdf,476673,2024--czech-astronomy--school--solutions--cs--reseni-zobrazit-application-kb--official-v3.pdf,1,https://olympiada.astro.cz/f/detail/132?hash=b15eb83a854c1900030cbd27efa8be0da9cd25ac,czech_astronomy,2024,school,solutions,cs
70eea993036b92a9fd9dbb8e2115baebda424c8b6b1c49f42cb58b77165a7274,data/archive/objects/70eea993036b92a9fd9dbb8e2115baebda424c8b6b1c49f42cb58b77165a7274.pdf,pdf,341679,2024--czech-astronomy--school--solutions--cs--reseni-zobrazit-application-kb--official.pdf,1,https://olympiada.astro.cz/f/detail/130?hash=f49e841fc590d1d0edb301fa393d7c0e29595b0a,czech_astronomy,2024,school,solutions,cs
a73a9e5ea96b4274a19ae4f973371b77236090e7efab4119256ff44690d8c1a3,data/archive/objects/a73a9e5ea96b4274a19ae4f973371b77236090e7efab4119256ff44690d8c1a3.pdf,pdf,2991431,2024--czech-astronomy--school--solutions--cs--reseni-zobrazit-application-mb--official.pdf,1,https://olympiada.astro.cz/f/detail/133?hash=0cb0c68309c26f2e3884e297d18af1ebd10ad89f,czech_astronomy,2024,school,solutions,cs
a46ac647db1ea46bdaea67534aaec7bd4a59078182cc09be5f01b507c3939954,data/archive/objects/a46ac647db1ea46bdaea67534aaec7bd4a59078182cc09be5f01b507c3939954.html,html,137718,2024--czech-astronomy--unknown--info--cs--info-page--official.html,1,https://olympiada.astro.cz/archiv/21-rocnik-2023-24/,czech_astronomy,2024,unknown,info,cs
7154553760a4a17d22825a1c0bac39d135dded5fd3a6b01c873a6e3099ffe558,data/archive/objects/7154553760a4a17d22825a1c0bac39d135dded5fd3a6b01c873a6e3099ffe558.pdf,pdf,2550151,2025--czech-astronomy--final--solutions--cs--data-analysis--official-v2.pdf,1,https://olympiada.astro.cz/f/detail/2739?hash=6c6871ef4b88ebc94162fb303a6a92165a11c10b,czech_astronomy,2025,final,solutions,cs
a3cdc30c06bb6406341d29d853aee9e59ba9f38fef0976ecb208ed2b5d2b291d,data/archive/objects/a3cdc30c06bb6406341d29d853aee9e59ba9f38fef0976ecb208ed2b5d2b291d.pdf,pdf,607534,2025--czech-astronomy--final--solutions--cs--data-analysis--official.pdf,1,https://olympiada.astro.cz/f/detail/2737?hash=c824f814332b95083c4def114ebec833f2665667,czech_astronomy,2025,final,solutions,cs
6b53ecc58f0250155ac54dc899a966a0e56733acde7980f431fffbc156e7b052,data/archive/objects/6b53ecc58f0250155ac54dc899a966a0e56733acde7980f431fffbc156e7b052.pdf,pdf,224536,2025--czech-astronomy--final--solutions--cs--reseni-zobrazit-application-kb--official.pdf,1,https://olympiada.astro.cz/f/detail/2750?hash=10f26f8fe5807a51d7a9af4097b53f16cb975db4,czech_astronomy,2025,final,solutions,cs
5870c688c6d80729a02cf0e4e481d7e9d4d4dd73c78f000399bfa9d05db8714f,data/archive/objects/5870c688c6d80729a02cf0e4e481d7e9d4d4dd73c78f000399bfa9d05db8714f.pdf,pdf,3948387,2025--czech-astronomy--final--solutions--cs--reseni-zobrazit-application-mb--official.pdf,1,https://olympiada.astro.cz/f/detail/2783?hash=a720e4c5771f2b203320eb2a15a885c4c607a059,czech_astronomy,2025,final,solutions,cs
b8cca5e32e25537f5fd6d52077c6466a8099d49f69b52a46f8355df864045f93,data/archive/objects/b8cca5e32e25537f5fd6d52077c6466a8099d49f69b52a46f8355df864045f93.pdf,pdf,786488,2025--czech-astronomy--final--solutions--cs--theory--official-v2.pdf,1,https://olympiada.astro.cz/f/detail/2740?hash=f050831c45aafb38c3d5f2588a4bf981897e3cfe,czech_astronomy,2025,final,solutions,cs
ae33ea156c567936e47b8aa611be057952d650abf45e343728f45f8b5704e2b5,data/archive/objects/ae33ea156c567936e47b8aa611be057952d650abf45e343728f45f8b5704e2b5.pdf,pdf,3581138,2025--czech-astronomy--final--solutions--cs--theory--official.pdf,1,https://olympiada.astro.cz/f/detail/2738?hash=09cfefc3d07aff5ef69b37b52f41431c36d7236d,czech_astronomy,2025,final,solutions,cs
24384d76311d30078de05ed18d50f3dabc69510a3aae8d179f577cc85880660f,data/archive/objects/24384d76311d30078de05ed18d50f3dabc69510a3aae8d179f577cc85880660f.pdf,pdf,819520,2025--czech-astronomy--regional--solutions--cs--reseni-zobrazit-application-kb--official-v2.pdf,1,https://olympiada.astro.cz/f/detail/2735?hash=05b46cc73b23f01c13d2d36408148ffaa1afe94e,czech_astronomy,2025,regional,solutions,cs
0922bb5544f6227d9d25b81f1b52a2874c28f7cdf29a86118c5abe5899cffecf,data/archive/objects/0922bb5544f6227d9d25b81f1b52a2874c28f7cdf29a86118c5abe5899cffecf.pdf,pdf,897245,2025--czech-astronomy--regional--solutions--cs--reseni-zobrazit-application-kb--official.pdf,1,https://olympiada.astro.cz/f/detail/1672?hash=3d50e41c99aebccc9c6d71fefb7e9a46373becc6,czech_astronomy,2025,regional,solutions,cs
52f8e27958fbe5a97b905885e9cdab917315020582ba41e9bcfa940c05d0517a,data/archive/objects/52f8e27958fbe5a97b905885e9cdab917315020582ba41e9bcfa940c05d0517a.pdf,pdf,1060448,2025--czech-astronomy--regional--solutions--cs--reseni-zobrazit-application-mb--official-v2.pdf,1,https://olympiada.astro.cz/f/detail/2736?hash=af5d72563c2e7236ea7aac3673d416b81e613487,czech_astronomy,2025,regional,solutions,cs
34168ea75ccd22298ae899a05c2f5f0be0dc5ebd0da61c974dbb310a52910027,data/archive/objects/34168ea75ccd22298ae899a05c2f5f0be0dc5ebd0da61c974dbb310a52910027.pdf,pdf,1534221,2025--czech-astronomy--regional--solutions--cs--reseni-zobrazit-application-mb--official.pdf,1,https://olympiada.astro.cz/f/detail/2734?hash=da0c1b9c6fabcb5f3ebce86dc9c185d45920c379,czech_astronomy,2025,regional,solutions,cs
b91be099ae572f76bf9ec3e399c1259b71951b0229427c4edaea3feba81898ca,data/archive/objects/b91be099ae572f76bf9ec3e399c1259b71951b0229427c4edaea3feba81898ca.pdf,pdf,805470,2025--czech-astronomy--school--solutions--cs--reseni-zobrazit-application-kb--official.pdf,1,https://olympiada.astro.cz/f/detail/1589?hash=2dcaae5d58427c6f29afc072b74b5c7447e1f80e,czech_astronomy,2025,school,solutions,cs
bab2a38ae81a46eb750c0407918b397e2ed8136449d9258e284f9a6f5f8cf624,data/archive/objects/bab2a38ae81a46eb750c0407918b397e2ed8136449d9258e284f9a6f5f8cf624.pdf,pdf,1958390,2025--czech-astronomy--school--solutions--cs--reseni-zobrazit-application-mb--official-v2.pdf,1,https://olympiada.astro.cz/f/detail/1590?hash=1e978e7a519dbfd80fc1fab8aedaea3c1095b17e,czech_astronomy,2025,school,solutions,cs
bdd341af231b27830962b7a2f0f905544b2a4f2e64292583d0d6bf9d950f6d81,data/archive/objects/bdd341af231b27830962b7a2f0f905544b2a4f2e64292583d0d6bf9d950f6d81.pdf,pdf,1133561,2025--czech-astronomy--school--solutions--cs--reseni-zobrazit-application-mb--official-v3.pdf,1,https://olympiada.astro.cz/f/detail/1591?hash=e196549a58404068b4b8f821e58bc039539b2193,czech_astronomy,2025,school,solutions,cs
8922c52d8bd1815262364e56d08a6eb8cc94ee2f09b6dd10952abd9ec043b7a3,data/archive/objects/8922c52d8bd1815262364e56d08a6eb8cc94ee2f09b6dd10952abd9ec043b7a3.pdf,pdf,2334274,2025--czech-astronomy--school--solutions--cs--reseni-zobrazit-application-mb--official.pdf,1,https://olympiada.astro.cz/f/detail/1588?hash=e934eb689ca1c17838540d26267b3cc502e9baea,czech_astronomy,2025,school,solutions,cs
1cf478c4a634590763f1cb5be1335490c52d866f2958ab62b176e41bdadee44d,data/archive/objects/1cf478c4a634590763f1cb5be1335490c52d866f2958ab62b176e41bdadee44d.html,html,154240,2025--czech-astronomy--unknown--info--cs--info-page--official.html,1,https://olympiada.astro.cz/archiv/22-rocnik-2024-25/,czech_astronomy,2025,unknown,info,cs
6168fb52779004c048a937c216f4f04453db436a4d9cb3e365683e47973412de,data/archive/objects/6168fb52779004c048a937c216f4f04453db436a4d9cb3e365683e47973412de.pdf,pdf,475454,2020--gecaa--data-analysis--solutions--en--data-analysis--official.pdf,1,https://cdn.ioaastrophysics.org/assets/IOAA%20problems/GeCAA/Data_Analysis_solutions_2020_GeCAA.pdf,gecaa,2020,data-analysis,solutions,en
a96cbdc40f32e3fecddae521725e0c25e321d856bb96ce1208ec564bae27e8a8,data/archive/objects/a96cbdc40f32e3fecddae521725e0c25e321d856bb96ce1208ec564bae27e8a8.pdf,pdf,642890,2020--gecaa--data-analysis--tasks--en--data-analysis--official.pdf,1,https://cdn.ioaastrophysics.org/assets/IOAA%20problems/GeCAA/Data_Analysis_2020_GeCAA.pdf,gecaa,2020,data-analysis,tasks,en
3520b8003f1c981f773c43116c087fb98a74b323fc1a348b21c23512e0cc6a76,data/archive/objects/3520b8003f1c981f773c43116c087fb98a74b323fc1a348b21c23512e0cc6a76.pdf,pdf,559661,2020--gecaa--observational--tasks--en--observational--official.pdf,1,https://cdn.ioaastrophysics.org/assets/IOAA%20problems/GeCAA/Observation_2020_GeCAA.pdf,gecaa,2020,observational,tasks,en
0ed34d3073d53c2dcc48bd597a7fc3546223a920dfd1c431ceda39cb8cf07afc,data/archive/objects/0ed34d3073d53c2dcc48bd597a7fc3546223a920dfd1c431ceda39cb8cf07afc.pdf,pdf,620761,2020--gecaa--theoretical--instructions--en--theory--official.pdf,1,https://cdn.ioaastrophysics.org/assets/IOAA%20problems/GeCAA/Student%20User%20Guide%20With%20Screenshots.pdf,gecaa,2020,theoretical,instructions,en
044fe683f29ad4d8b0cd3e39690db1d29ed834f813532c20c05fe24cfec0bb0f,data/archive/objects/044fe683f29ad4d8b0cd3e39690db1d29ed834f813532c20c05fe24cfec0bb0f.pdf,pdf,779304,2020--gecaa--theoretical--solutions--en--theory--official.pdf,1,https://cdn.ioaastrophysics.org/assets/IOAA%20problems/GeCAA/Theory_Solutions_2020_GeCAA.pdf,gecaa,2020,theoretical,solutions,en
1114cfc0b1ce58ff9328405f02609773d313bceb099d84bc23080b7820a861b6,data/archive/objects/1114cfc0b1ce58ff9328405f02609773d313bceb099d84bc23080b7820a861b6.pdf,pdf,393279,2020--gecaa--theoretical--tasks--en--theory--official.pdf,1,https://cdn.ioaastrophysics.org/assets/IOAA%20problems/GeCAA/Theory_2020_GeCAA.pdf,gecaa,2020,theoretical,tasks,en
ca0b1e9a1355d63c21d709c4a0a8d152e1c41f3073da237df3e7106c40b24cce,data/archive/objects/ca0b1e9a1355d63c21d709c4a0a8d152e1c41f3073da237df3e7106c40b24cce.pdf,pdf,91084,2008--inao--national--solutions--en--questions--official-combined.pdf,1,https://olympiads.hbcse.tifr.res.in/olympiads/wp-content/uploads/2016/09/inaoSr2008-Q-S.pdf,inao,2008,national,solutions,en
1ae5b33ac49deb02d8fff185af9172d968213d1db25c942b178c60edbf5076fa,data/archive/objects/1ae5b33ac49deb02d8fff185af9172d968213d1db25c942b178c60edbf5076fa.pdf,pdf,310707,2009--inao--national--solutions--en--questions--official-v2.pdf,1,https://olympiads.hbcse.tifr.res.in/olympiads/wp-content/uploads/2016/09/inaoSr2009-S.pdf,inao,2009,national,solutions,en
8a9327f9c438d2b79b7bbcfebecef1729de8108212c55233dae8ff48c25722c7,data/archive/objects/8a9327f9c438d2b79b7bbcfebecef1729de8108212c55233dae8ff48c25722c7.pdf,pdf,263281,2009--inao--national--solutions--en--questions--official.pdf,1,https://olympiads.hbcse.tifr.res.in/olympiads/wp-content/uploads/2016/09/inaoJr2009-S.pdf,inao,2009,national,solutions,en
40473b0743e1087160b65f06294ee630d0f8059b82dddf1b13509e8c6ed5628d,data/archive/objects/40473b0743e1087160b65f06294ee630d0f8059b82dddf1b13509e8c6ed5628d.pdf,pdf,233763,2009--inao--national--tasks--en--questions--official-v2.pdf,1,https://olympiads.hbcse.tifr.res.in/olympiads/wp-content/uploads/2016/09/inaoSr2009-Q.pdf,inao,2009,national,tasks,en
901bdfc6b1600a7339c8cbe5ee69c40808c383d05671cb68c0667ee3eb8f97ed,data/archive/objects/901bdfc6b1600a7339c8cbe5ee69c40808c383d05671cb68c0667ee3eb8f97ed.pdf,pdf,212475,2009--inao--national--tasks--en--questions--official.pdf,1,https://olympiads.hbcse.tifr.res.in/olympiads/wp-content/uploads/2016/09/inaoJr2009-Q.pdf,inao,2009,national,tasks,en
4cf7e78b94806a88574eb534514f3eea80a9bb554900cfc41afaa4a298b1bf92,data/archive/objects/4cf7e78b94806a88574eb534514f3eea80a9bb554900cfc41afaa4a298b1bf92.pdf,pdf,155004,2010--inao--national--solutions--en--questions--official-v2.pdf,1,https://olympiads.hbcse.tifr.res.in/olympiads/wp-content/uploads/2016/09/inaoSr2010-S.pdf,inao,2010,national,solutions,en
29de73860fa2adfb674e14fbd39f91234b8de298879d1f2f8bdbae6567bd56c6,data/archive/objects/29de73860fa2adfb674e14fbd39f91234b8de298879d1f2f8bdbae6567bd56c6.pdf,pdf,153700,2010--inao--national--solutions--en--questions--official.pdf,1,https://olympiads.hbcse.tifr.res.in/olympiads/wp-content/uploads/2016/09/inaoJr2010-S.pdf,inao,2010,national,solutions,en
51d8e74e198a81a5be542496f557095aee079c4520b579f1fb9be485f2b017d0,data/archive/objects/51d8e74e198a81a5be542496f557095aee079c4520b579f1fb9be485f2b017d0.pdf,pdf,111739,2010--inao--national--tasks--en--questions--official-v2.pdf,1,https://olympiads.hbcse.tifr.res.in/olympiads/wp-content/uploads/2016/09/inaoSr2010-Q.pdf,inao,2010,national,tasks,en
f9a8f047fab22fd4a2ede86ac32807ed19d361afdf5e1c87b53b859432b5dd07,data/archive/objects/f9a8f047fab22fd4a2ede86ac32807ed19d361afdf5e1c87b53b859432b5dd07.pdf,pdf,111631,2010--inao--national--tasks--en--questions--official.pdf,1,https://olympiads.hbcse.tifr.res.in/olympiads/wp-content/uploads/2016/09/inaoJr2010-Q.pdf,inao,2010,national,tasks,en
c147c89e550ff77e436798117e629a54a8991c30b83cd15f2892f24b90990ae0,data/archive/objects/c147c89e550ff77e436798117e629a54a8991c30b83cd15f2892f24b90990ae0.pdf,pdf,217833,2011--inao--national--solutions--en--questions--official-combined.pdf,1,https://olympiads.hbcse.tifr.res.in/olympiads/wp-content/uploads/2016/09/inao2011-Q-S.pdf,inao,2011,national,solutions,en
8936cbee6a635a2a5116af0c216e7dbc9a6107037756af2361df28e4d3c91f48,data/archive/objects/8936cbee6a635a2a5116af0c216e7dbc9a6107037756af2361df28e4d3c91f48.pdf,pdf,141372,2012--inao--national--solutions--en--questions--official-combined.pdf,1,https://olympiads.hbcse.tifr.res.in/olympiads/wp-content/uploads/2016/09/inao2012-Q-S.pdf,inao,2012,national,solutions,en
4432710e4803a2b59b81a1aad52a3b66fa1763e380d7c682fad055a0e2f129ff,data/archive/objects/4432710e4803a2b59b81a1aad52a3b66fa1763e380d7c682fad055a0e2f129ff.pdf,pdf,244109,2014--inao--national--solutions--en--questions--official-combined.pdf,1,https://olympiads.hbcse.tifr.res.in/olympiads/wp-content/uploads/2016/09/inao2014-Q-S.pdf,inao,2014,national,solutions,en
fdf0dc4a0835c1fead4087e535c41df885c6c57ad65d1380c4eb83968de4efe9,data/archive/objects/fdf0dc4a0835c1fead4087e535c41df885c6c57ad65d1380c4eb83968de4efe9.pdf,pdf,341214,2015--inao--national--solutions--en--questions--official-combined.pdf,1,https://olympiads.hbcse.tifr.res.in/olympiads/wp-content/uploads/2016/09/inao2015-Q-S.pdf,inao,2015,national,solutions,en
328cbdba9ba5bbb55abef71e5c0d4c172a4f955dcc42bf666020491bb5a0cf31,data/archive/objects/328cbdba9ba5bbb55abef71e5c0d4c172a4f955dcc42bf666020491bb5a0cf31.pdf,pdf,409272,2016--inao--national--solutions--en--questions--official-combined.pdf,1,https://olympiads.hbcse.tifr.res.in/olympiads/wp-content/uploads/2016/09/inao2016-Q-S.pdf,inao,2016,national,solutions,en
09fe36f340136402e86f4dc07349a5aedf4140486ca28d420be0c5b70966c590,data/archive/objects/09fe36f340136402e86f4dc07349a5aedf4140486ca28d420be0c5b70966c590.pdf,pdf,601417,2017--inao--national--solutions--en--questions--official.pdf,1,https://olympiads.hbcse.tifr.res.in/olympiads/wp-content/uploads/2017/02/INAO2017-Solution-20170215.pdf,inao,2017,national,solutions,en
fb9cba44bcc73bd6397a60cd0596ea230d7333e8c0640f4accf51d5ccd082cf8,data/archive/objects/fb9cba44bcc73bd6397a60cd0596ea230d7333e8c0640f4accf51d5ccd082cf8.pdf,pdf,271446,2018--inao--national--solutions--en--questions--official.pdf,1,https://olympiads.hbcse.tifr.res.in/olympiads/wp-content/uploads/2017/09/INAO2018-Solution-20180213.pdf,inao,2018,national,solutions,en
7ac2961092dbe71f140cfe83052d929418b746a922e6b5aaf7c35a0a224097aa,data/archive/objects/7ac2961092dbe71f140cfe83052d929418b746a922e6b5aaf7c35a0a224097aa.pdf,pdf,134282,2018--inao--national--tasks--en--questions--official.pdf,1,https://olympiads.hbcse.tifr.res.in/olympiads/wp-content/uploads/2017/09/INAO2018-Question.pdf,inao,2018,national,tasks,en
5b91eb46a43ccaaa1eff30adb201191ac0d6a21e2f08229c1af0b9830f6added,data/archive/objects/5b91eb46a43ccaaa1eff30adb201191ac0d6a21e2f08229c1af0b9830f6added.pdf,pdf,469046,2019--inao--national--solutions--en--questions--official.pdf,1,https://olympiads.hbcse.tifr.res.in/olympiads/wp-content/uploads/2018/05/INAO2019-Solution-20190219.pdf,inao,2019,national,solutions,en
742b201678cbe2cf91f1e22bac31a2d7858beca7d929d7d57021050b15a8407e,data/archive/objects/742b201678cbe2cf91f1e22bac31a2d7858beca7d929d7d57021050b15a8407e.pdf,pdf,245082,2019--inao--national--tasks--en--questions--official.pdf,1,https://olympiads.hbcse.tifr.res.in/olympiads/wp-content/uploads/2018/05/INAO2019-Question.pdf,inao,2019,national,tasks,en
2de872a62cce6ff81edf3c490e35a1f99d1196e80581433d353062b79925a85f,data/archive/objects/2de872a62cce6ff81edf3c490e35a1f99d1196e80581433d353062b79925a85f.pdf,pdf,152092,2019--inao--national--tasks--hi--questions--official.pdf,1,https://olympiads.hbcse.tifr.res.in/olympiads/wp-content/uploads/2018/05/INAO2019-Question-hi.pdf,inao,2019,national,tasks,hi
24459d0660efd1646f7f4881614f464153f6ba525fb51167c8bfa6f98f145021,data/archive/objects/24459d0660efd1646f7f4881614f464153f6ba525fb51167c8bfa6f98f145021.pdf,pdf,390164,2020--inao--national--solutions--en--questions--official.pdf,1,https://olympiads.hbcse.tifr.res.in/wp-content/uploads/2020/02/INAO2020-Solutions-20200220.pdf,inao,2020,national,solutions,en
4b73e2c5c77c495ee2883ee94a36ef1e76bc108011829f282eb17473295fffca,data/archive/objects/4b73e2c5c77c495ee2883ee94a36ef1e76bc108011829f282eb17473295fffca.pdf,pdf,204235,2020--inao--national--tasks--en--questions--official.pdf,1,https://olympiads.hbcse.tifr.res.in/wp-content/uploads/ino20/INAO2020-Questions-en.pdf,inao,2020,national,tasks,en
593cf414dc0455a2954befe86a8f0ad4a03f4980cbdd8c5a1129c1b360cd4ab9,data/archive/objects/593cf414dc0455a2954befe86a8f0ad4a03f4980cbdd8c5a1129c1b360cd4ab9.pdf,pdf,122253,2020--inao--national--tasks--hi--questions--official.pdf,1,https://olympiads.hbcse.tifr.res.in/wp-content/uploads/ino20/INAO2020-Questions-hi.pdf,inao,2020,national,tasks,hi
11e3db24ba5e6588e6ced4d399b6ee663f378dd4813c2ad76d266d71626b969e,data/archive/objects/11e3db24ba5e6588e6ced4d399b6ee663f378dd4813c2ad76d266d71626b969e.pdf,pdf,248697,2021--inao--national--solutions--en--questions--official.pdf,1,https://olympiads.hbcse.tifr.res.in/wp-content/uploads/2021/02/IOQA2021-PartII-Solutions-20210217.pdf,inao,2021,national,solutions,en
294fae87722249caf0b696477484670d695716456f487bc260817abe96948f05,data/archive/objects/294fae87722249caf0b696477484670d695716456f487bc260817abe96948f05.pdf,pdf,189377,2021--inao--national--tasks--en--questions--official.pdf,1,https://olympiads.hbcse.tifr.res.in/wp-content/uploads/2021/02/IOQA2021-PartII-Questions-en.pdf,inao,2021,national,tasks,en
8888ade90ac231a5361eade95fc956b2f3027a6b0663af6d931271eff2efa01c,data/archive/objects/8888ade90ac231a5361eade95fc956b2f3027a6b0663af6d931271eff2efa01c.pdf,pdf,112558,2021--inao--national--tasks--hi--questions--official.pdf,1,https://olympiads.hbcse.tifr.res.in/wp-content/uploads/2021/02/IOQA2021-PartII-Questions-hi.pdf,inao,2021,national,tasks,hi
45e9a0d953df17d3a47d17ec32164047ed72f4cf82ca85418a5129a0899e9159,data/archive/objects/45e9a0d953df17d3a47d17ec32164047ed72f4cf82ca85418a5129a0899e9159.pdf,pdf,349838,2022--inao--national--solutions--en--questions--official.pdf,1,https://olympiads.hbcse.tifr.res.in/wp-content/uploads/2022/03/IOQA2022-PartII-Solutions-20220503.pdf,inao,2022,national,solutions,en
08fbf03efa874d01191dfa89037c3ef6fd12d904c4031c461ac329dff39ccc5a,data/archive/objects/08fbf03efa874d01191dfa89037c3ef6fd12d904c4031c461ac329dff39ccc5a.pdf,pdf,276458,2022--inao--national--tasks--en--questions--official.pdf,1,https://olympiads.hbcse.tifr.res.in/wp-content/uploads/2022/03/IOQA2022-PartII-Questions-en.pdf,inao,2022,national,tasks,en
870374afd7bf0af5aa6893e9033844c332a280b89f0412c11749a664924b6661,data/archive/objects/870374afd7bf0af5aa6893e9033844c332a280b89f0412c11749a664924b6661.pdf,pdf,216279,2022--inao--national--tasks--hi--questions--official.pdf,1,https://olympiads.hbcse.tifr.res.in/wp-content/uploads/2022/03/IOQA2022-PartII-Questions-hi.pdf,inao,2022,national,tasks,hi
8db37f2834b1d7dec84100d764b7355657167164da6229edb9ede15a9c4ed4e3,data/archive/objects/8db37f2834b1d7dec84100d764b7355657167164da6229edb9ede15a9c4ed4e3.pdf,pdf,285105,2023--inao--national--solutions--en--questions--official.pdf,1,https://olympiads.hbcse.tifr.res.in/wp-content/uploads/2023/02/INAO2023-Solution-20230215.pdf,inao,2023,national,solutions,en
9af5bccf97409e42ba4849b2503255997873a8cfe0afd3ede21a5d2746618d18,data/archive/objects/9af5bccf97409e42ba4849b2503255997873a8cfe0afd3ede21a5d2746618d18.pdf,pdf,125510,2023--inao--national--tasks--en--questions--official.pdf,1,https://olympiads.hbcse.tifr.res.in/wp-content/uploads/2023/01/INAO2023-Question.pdf,inao,2023,national,tasks,en
03dd5820eb49d83fb0f81ab74839bd79bb1e36d76abf76e200797fecb67e339c,data/archive/objects/03dd5820eb49d83fb0f81ab74839bd79bb1e36d76abf76e200797fecb67e339c.pdf,pdf,64736,2023--inao--national--tasks--hi--questions--official.pdf,1,https://olympiads.hbcse.tifr.res.in/wp-content/uploads/2023/01/INAO2023-Question-hi.pdf,inao,2023,national,tasks,hi
ea094ed832f0e0dda5b4f175ae4f2bfb1cf3d22d33f188a940d8c75d212839a2,data/archive/objects/ea094ed832f0e0dda5b4f175ae4f2bfb1cf3d22d33f188a940d8c75d212839a2.pdf,pdf,288377,2024--inao--national--solutions--en--questions--official-v2.pdf,1,https://olympiads.hbcse.tifr.res.in/wp-content/uploads/2026/01/INAO2024-Answerbooklet.pdf,inao,2024,national,solutions,en
00b372a92f9a3cb1c821b4c40ece5fcd0e3d485db936607184b06bb4a694eccd,data/archive/objects/00b372a92f9a3cb1c821b4c40ece5fcd0e3d485db936607184b06bb4a694eccd.pdf,pdf,1490061,2024--inao--national--solutions--en--questions--official.pdf,1,https://olympiads.hbcse.tifr.res.in/wp-content/uploads/2024/02/INAO2024-Solution-20240220.pdf,inao,2024,national,solutions,en
309deab08833c276f9e1c39f14f3363938080336465c775964a71179d52a9bab,data/archive/objects/309deab08833c276f9e1c39f14f3363938080336465c775964a71179d52a9bab.pdf,pdf,1285385,2024--inao--national--tasks--en--questions--official.pdf,1,https://olympiads.hbcse.tifr.res.in/wp-content/uploads/2024/02/INAO2024-Question.pdf,inao,2024,national,tasks,en
ac1953b9be6d7cc948fff1a2610046b76278293bb23defc650f5a1005e2bbf64,data/archive/objects/ac1953b9be6d7cc948fff1a2610046b76278293bb23defc650f5a1005e2bbf64.pdf,pdf,1442848,2024--inao--national--tasks--hi--questions--official.pdf,1,https://olympiads.hbcse.tifr.res.in/wp-content/uploads/2024/02/INAO2024-Question-hi.pdf,inao,2024,national,tasks,hi
a3e9a1a7f142a64d87e45fb267bd847b44ee3f2f4f435a6b0b3aefefd952d1df,data/archive/objects/a3e9a1a7f142a64d87e45fb267bd847b44ee3f2f4f435a6b0b3aefefd952d1df.pdf,pdf,82718,2025--inao--national--solutions--en--questions--official-v2.pdf,1,https://olympiads.hbcse.tifr.res.in/wp-content/uploads/2026/01/INAO2025-Answerbooklet.pdf,inao,2025,national,solutions,en
da285ca14e456aad6778e1a2912a111f4925473051f6d12d1d3d33473f9df2a9,data/archive/objects/da285ca14e456aad6778e1a2912a111f4925473051f6d12d1d3d33473f9df2a9.pdf,pdf,617672,2025--inao--national--solutions--en--questions--official.pdf,1,https://olympiads.hbcse.tifr.res.in/wp-content/uploads/2025/02/INAO-Solutions-20250221.pdf,inao,2025,national,solutions,en
6e8fa6c22b9f0678108019ad2fa7a6d5aba1d5e32093f3131e2c03685d6d3d59,data/archive/objects/6e8fa6c22b9f0678108019ad2fa7a6d5aba1d5e32093f3131e2c03685d6d3d59.pdf,pdf,399908,2025--inao--national--tasks--en--questions--official.pdf,1,https://olympiads.hbcse.tifr.res.in/wp-content/uploads/2025/02/INAO2025-Question.pdf,inao,2025,national,tasks,en
a0da553b46d14738b335f149994459601e9e2b6aa8998e2548f7fa9c11dc0cac,data/archive/objects/a0da553b46d14738b335f149994459601e9e2b6aa8998e2548f7fa9c11dc0cac.pdf,pdf,381248,2025--inao--national--tasks--hi--questions--official.pdf,1,https://olympiads.hbcse.tifr.res.in/wp-content/uploads/2025/02/INAO2025-Question-hi.pdf,inao,2025,national,tasks,hi
a813751d2fa71c03b115a8b1d4fa5ecb6f0b5d031b8dfaffbe656bae1d1cd8c1,data/archive/objects/a813751d2fa71c03b115a8b1d4fa5ecb6f0b5d031b8dfaffbe656bae1d1cd8c1.pdf,pdf,6538174,2026--inao--national--solutions--en--inao2026--official.pdf,1,https://olympiads.hbcse.tifr.res.in/wp-content/uploads/2026/02/INAO2026-Solution-20260220.pdf,inao,2026,national,solutions,en
54dafd4c2e094e32bb54ff5f63125dbbcb4d6f8f921a1d23501981c8f5a6d2d7,data/archive/objects/54dafd4c2e094e32bb54ff5f63125dbbcb4d6f8f921a1d23501981c8f5a6d2d7.pdf,pdf,347885,2026--inao--national--tasks--en--questions--official.pdf,1,https://olympiads.hbcse.tifr.res.in/wp-content/uploads/2026/02/INAO2026-Question-en.pdf,inao,2026,national,tasks,en
21e06135103e5d07a45fd4805fdd043ed96cf9994324c0202b22de5be19c201d,data/archive/objects/21e06135103e5d07a45fd4805fdd043ed96cf9994324c0202b22de5be19c201d.pdf,pdf,354854,2026--inao--national--tasks--hi--questions--official.pdf,1,https://olympiads.hbcse.tifr.res.in/wp-content/uploads/2026/02/INAO2026-Question-hi.pdf,inao,2026,national,tasks,hi
e086e71a002b729e889efe148bc93603b3038d2f854ef46da996c8f923fcfcf4,data/archive/objects/e086e71a002b729e889efe148bc93603b3038d2f854ef46da996c8f923fcfcf4.html,html,43952,2022--ioaa-junior--event-page--info--en--junior--info-page--official.html,1,https://ioaastrophysics.org/junior-ioaa/past-olympiads/2022,ioaa_junior,2022,event-page,info,en
4680a8ff7c999f59d808f1cb5b440b3194241d1ad40feef4614d50350b4fc976,data/archive/objects/4680a8ff7c999f59d808f1cb5b440b3194241d1ad40feef4614d50350b4fc976.html,html,43681,2023--ioaa-junior--event-page--info--en--junior--info-page--official.html,1,https://ioaastrophysics.org/junior-ioaa/past-olympiads/2023,ioaa_junior,2023,event-page,info,en
0bc55f3bcf93d3922ab00b1dc5619b1f32a60987fd836e9cd8848b710be3366a,data/archive/objects/0bc55f3bcf93d3922ab00b1dc5619b1f32a60987fd836e9cd8848b710be3366a.pdf,pdf,3349003,2024--ioaa-junior--combined--solutions--en--junior--official.pdf,1,https://cdn.ioaastrophysics.org/assets/IOAA%20problems/Junior%20IOAA%202024/Junior_IOAA_2024_answer_sheets_and_solutions.pdf,ioaa_junior,2024,combined,solutions,en
cf8555ea670183472afc59082c5fbc5e27a32a16b52dc82646b9f8b986877343,data/archive/objects/cf8555ea670183472afc59082c5fbc5e27a32a16b52dc82646b9f8b986877343.pdf,pdf,3542693,2024--ioaa-junior--combined--tasks--en--junior--official.pdf,1,https://cdn.ioaastrophysics.org/assets/IOAA%20problems/Junior%20IOAA%202024/Junior_IOAA_2024_question_papers.pdf,ioaa_junior,2024,combined,tasks,en
6a9a1eed7a0240a6e182d94e2a5a7d1b63068cbfab3482c428230754892a865f,data/archive/objects/6a9a1eed7a0240a6e182d94e2a5a7d1b63068cbfab3482c428230754892a865f.pdf,pdf,5496651,2025--ioaa-junior--combined--solutions--en--junior--official-combined.pdf,1,https://cdn.ioaastrophysics.org/assets/IOAA%20problems/Junior%20IOAA%202025/Junior_IOAA_2025_Questions_and_Answers.pdf,ioaa_junior,2025,combined,solutions,en
3030dc1a90bb3b0415d76a4edf809d1983864c434b09193b98d9f2fbed4a2701,data/archive/objects/3030dc1a90bb3b0415d76a4edf809d1983864c434b09193b98d9f2fbed4a2701.pdf,pdf,137607,2014--usaaao--national--solutions--en--theory--official.pdf,1,https://usaaao.org/wp-content/uploads/2016/06/2014-nao-solutions.pdf,usaaao,2014,national,solutions,en
d63fb8c950713b502e1009bdcfdea352a4b414a1803f2b458277f5060d7f4035,data/archive/objects/d63fb8c950713b502e1009bdcfdea352a4b414a1803f2b458277f5060d7f4035.pdf,pdf,436249,2014--usaaao--national--tasks--en--theory--exam--official.pdf,1,https://usaaao.org/wp-content/uploads/2016/06/2014-nao-exam.pdf,usaaao,2014,national,tasks,en
708a67c57394b1af15d52b2521d5db3db415abcabc618cb995c5341487ff356e,data/archive/objects/708a67c57394b1af15d52b2521d5db3db415abcabc618cb995c5341487ff356e.pdf,pdf,15795,2015--usaaao--first-round--solutions--en--theory--official.pdf,1,https://usaaao.org/wp-content/uploads/2016/06/2015-first-round-solutions.pdf,usaaao,2015,first-round,solutions,en
554e3ff3698b3dd8e3e389efc1b95138015bb4d6bfe557c699ebba03457075dd,data/archive/objects/554e3ff3698b3dd8e3e389efc1b95138015bb4d6bfe557c699ebba03457075dd.pdf,pdf,263205,2015--usaaao--first-round--tasks--en--theory--exam--official.pdf,1,https://usaaao.org/wp-content/uploads/2016/06/2015-first-round-exam.pdf,usaaao,2015,first-round,tasks,en
64f3e5283376a641484819fe97cceb95e66e464863f11c01fddb9b245e68a6f1,data/archive/objects/64f3e5283376a641484819fe97cceb95e66e464863f11c01fddb9b245e68a6f1.pdf,pdf,144341,2015--usaaao--national--solutions--en--theory--official.pdf,1,https://usaaao.org/wp-content/uploads/2016/06/2015-nao-solutions.pdf,usaaao,2015,national,solutions,en
ecb34f5718b3d5ea84086f28532c26f7dc67f5c0f2ff328d3c46f9cfc6943cce,data/archive/objects/ecb34f5718b3d5ea84086f28532c26f7dc67f5c0f2ff328d3c46f9cfc6943cce.pdf,pdf,761135,2015--usaaao--national--tasks--en--theory--exam--official.pdf,1,https://usaaao.org/wp-content/uploads/2016/06/2015-nao-exam.pdf,usaaao,2015,national,tasks,en
41b2f8dedf120f7d8fe51f058dc03d81c60047b161c38018aa0ee9dfeac797ae,data/archive/objects/41b2f8dedf120f7d8fe51f058dc03d81c60047b161c38018aa0ee9dfeac797ae.pdf,pdf,23321,2015--usaaao--practice--solutions--en--round--official.pdf,1,https://usaaao.org/wp-content/uploads/2016/06/2015-practice-round-solutions.pdf,usaaao,2015,practice,solutions,en
ca990ca43c4248fcb0ba30e29616bca2f4daf21f77d2670183143947c4d51f45,data/archive/objects/ca990ca43c4248fcb0ba30e29616bca2f4daf21f77d2670183143947c4d51f45.pdf,pdf,46354,2015--usaaao--practice--tasks--en--exam--official.pdf,1,https://usaaao.org/wp-content/uploads/2016/06/2015-practice-round-exam.pdf,usaaao,2015,practice,tasks,en
01aaa21878c8a25852c3f7a44688048a945ea4c68623ce572f41c8e3ef01556d,data/archive/objects/01aaa21878c8a25852c3f7a44688048a945ea4c68623ce572f41c8e3ef01556d.pdf,pdf,220097,2016--usaaao--first-round--solutions--en--theory--official.pdf,1,https://usaaao.org/wp-content/uploads/2016/06/2016-first-round-solutions.pdf,usaaao,2016,first-round,solutions,en
29eeedbfa173a3d4a69dac6724a75e3e30331fc96aad841dec8121e2e3d533b1,data/archive/objects/29eeedbfa173a3d4a69dac6724a75e3e30331fc96aad841dec8121e2e3d533b1.pdf,pdf,349274,2016--usaaao--first-round--tasks--en--theory--exam--official.pdf,1,https://usaaao.org/wp-content/uploads/2016/06/2016-first-round-exam.pdf,usaaao,2016,first-round,tasks,en
faf78b6a0ccfd8afd36489544d29a2df75921428e4d4b38159f2d6dc0abe99d1,data/archive/objects/faf78b6a0ccfd8afd36489544d29a2df75921428e4d4b38159f2d6dc0abe99d1.pdf,pdf,174410,2016--usaaao--national--tasks--en--theory--exam--official.pdf,1,https://usaaao.org/wp-content/uploads/2017/04/2016_round_2_test.pdf,usaaao,2016,national,tasks,en
c1b31f2a143c289cd2f502365f49179b5d16002e7d802fb623378005abf80143,data/archive/objects/c1b31f2a143c289cd2f502365f49179b5d16002e7d802fb623378005abf80143.pdf,pdf,1067571,2017--usaaao--first-round--solutions--en--theory--official.pdf,1,https://usaaao.org/wp-content/uploads/2017/06/releasedfinal20171stroundioaasolutions.pdf,usaaao,2017,first-round,solutions,en
82b44bf33fdcbee33704edfd2b4c600c307af477e8047fd2c0bdaedf12753907,data/archive/objects/82b44bf33fdcbee33704edfd2b4c600c307af477e8047fd2c0bdaedf12753907.pdf,pdf,2233047,2017--usaaao--national--solutions--en--theory--official.pdf,1,https://usaaao.org/wp-content/uploads/2017/06/2017-nao-solutions.pdf,usaaao,2017,national,solutions,en
350d98a8243cd2c897233cf851c1937b1431685e6ede4969abfcefb036c28c62,data/archive/objects/350d98a8243cd2c897233cf851c1937b1431685e6ede4969abfcefb036c28c62.pdf,pdf,117241,2018--usaaao--first-round--solutions--en--theory--official.pdf,1,https://usaaao.org/wp-content/uploads/2020/02/usaaao_first_round_2018.pdf,usaaao,2018,first-round,solutions,en
7c51037740b1dac74d8de1cdef9e693153792c3de928b35aa1c831f9714fa91e,data/archive/objects/7c51037740b1dac74d8de1cdef9e693153792c3de928b35aa1c831f9714fa91e.pdf,pdf,88647,2018--usaaao--first-round--tasks--en--theory--exam--official.pdf,1,https://usaaao.org/wp-content/uploads/2019/02/usaaao-first-round-exam-2018.pdf,usaaao,2018,first-round,tasks,en
68bb052e28cf9556a780638fb07d017c043ba16a033981cafe6a73788752f005,data/archive/objects/68bb052e28cf9556a780638fb07d017c043ba16a033981cafe6a73788752f005.pdf,pdf,176050,2018--usaaao--national--solutions--en--theory--official.pdf,1,https://usaaao.org/wp-content/uploads/2020/02/usaaao_second_round_2018.pdf,usaaao,2018,national,solutions,en
d5155f2f60d4bdf64afbab03083d0ddf8127ed765d9388abb4dd841d957a0abc,data/archive/objects/d5155f2f60d4bdf64afbab03083d0ddf8127ed765d9388abb4dd841d957a0abc.pdf,pdf,260537,2018--usaaao--national--tasks--en--theory--exam--official.pdf,1,https://usaaao.org/wp-content/uploads/2019/02/usaaao-nao-2018.pdf,usaaao,2018,national,tasks,en
c96adc2363cb5434b30eddcfd66dde20c5e571c1786ae20aeeb4fbb13fa4e74b,data/archive/objects/c96adc2363cb5434b30eddcfd66dde20c5e571c1786ae20aeeb4fbb13fa4e74b.pdf,pdf,166261,2019--usaaao--first-round--solutions--en--theory--official.pdf,1,https://usaaao.org/wp-content/uploads/2019/02/usaaao_first_round_answer_key.pdf,usaaao,2019,first-round,solutions,en
f5917124785fc670a62e8c3bee5ef8324f63669063c26b8acde8d1ac7cbe9014,data/archive/objects/f5917124785fc670a62e8c3bee5ef8324f63669063c26b8acde8d1ac7cbe9014.pdf,pdf,111461,2019--usaaao--first-round--tasks--en--theory--exam--official.pdf,1,https://usaaao.org/wp-content/uploads/2019/02/2019_usaaao_first_round.pdf,usaaao,2019,first-round,tasks,en
c9eb4e324255efa688b4e41d381523833aed98b7f9c422771655002e4b8a837b,data/archive/objects/c9eb4e324255efa688b4e41d381523833aed98b7f9c422771655002e4b8a837b.pdf,pdf,1937262,2019--usaaao--national--solutions--en--theory--official.pdf,1,https://usaaao.org/wp-content/uploads/2019/03/nao_2019_solution.pdf,usaaao,2019,national,solutions,en
0927e873ee25950a980227fb789465f5efce336b98018d77b1793825877c4717,data/archive/objects/0927e873ee25950a980227fb789465f5efce336b98018d77b1793825877c4717.pdf,pdf,1867985,2019--usaaao--national--tasks--en--theory--exam--official.pdf,1,https://usaaao.org/wp-content/uploads/2019/03/nao_2019.pdf,usaaao,2019,national,tasks,en
880dbca84a791e8aeabc976498c22a460fa5083a29cbf17bba63090b8d734672,data/archive/objects/880dbca84a791e8aeabc976498c22a460fa5083a29cbf17bba63090b8d734672.pdf,pdf,172949,2020--usaaao--first-round--solutions--en--theory--official.pdf,1,https://usaaao.org/wp-content/uploads/2020/02/usaaao_first_round_answer_key_2020.pdf,usaaao,2020,first-round,solutions,en
de78008af29e776a36f76802d0750a8f119c3a25b2000ef86dbb96b0772d5104,data/archive/objects/de78008af29e776a36f76802d0750a8f119c3a25b2000ef86dbb96b0772d5104.pdf,pdf,116740,2020--usaaao--first-round--tasks--en--theory--exam--official.pdf,1,https://usaaao.org/wp-content/uploads/2020/02/2020_usaaao_first_round.pdf,usaaao,2020,first-round,tasks,en
80980d4c2e168becf59e9763135c539c4ab370600d53a70e45a198d60bf26457,data/archive/objects/80980d4c2e168becf59e9763135c539c4ab370600d53a70e45a198d60bf26457.pdf,pdf,4109320,2020--usaaao--national--solutions--en--theory--official-v2.pdf,1,https://usaaao.org/wp-content/uploads/2020/04/usaaao_second_exam_2020_apr3sol.pdf,usaaao,2020,national,solutions,en
5a40ecd026d6b7109ff11399e64af562269018601066b453f7873add0ebc3feb,data/archive/objects/5a40ecd026d6b7109ff11399e64af562269018601066b453f7873add0ebc3feb.pdf,pdf,4109322,2020--usaaao--national--solutions--en--theory--official.pdf,1,https://usaaao.org/wp-content/uploads/2020/04/usaaao_second_exam_2020__apr4sol.pdf,usaaao,2020,national,solutions,en
063a0fed8ecd70c54c706edc74d95abb999563478efdd4965f5f90e752fdbeb6,data/archive/objects/063a0fed8ecd70c54c706edc74d95abb999563478efdd4965f5f90e752fdbeb6.pdf,pdf,3303059,2020--usaaao--national--tasks--en--theory--exam--version-1--official.pdf,1,https://usaaao.org/wp-content/uploads/2020/04/usaaao_second_exam_2020_apr3.pdf,usaaao,2020,national,tasks,en
34c9c4efed383d93d963fd43c7828b4781892eae6654668cdc5400c69e3e05f1,data/archive/objects/34c9c4efed383d93d963fd43c7828b4781892eae6654668cdc5400c69e3e05f1.pdf,pdf,3303060,2020--usaaao--national--tasks--en--theory--exam--version-2--official.pdf,1,https://usaaao.org/wp-content/uploads/2020/04/usaaao_second_exam_2020__apr4.pdf,usaaao,2020,national,tasks,en
2fa96837c66136d680e3f4d74711a4a9063f0e344380aa84c0ff272ecff835ee,data/archive/objects/2fa96837c66136d680e3f4d74711a4a9063f0e344380aa84c0ff272ecff835ee.pdf,pdf,1140052,2021--usaaao--first-round--solutions--en--theory--official.pdf,1,https://usaaao.org/wp-content/uploads/2021/02/usaaao2021_exam1_solutions.pdf,usaaao,2021,first-round,solutions,en
790f301a965088a40f889eeedc1b3dad38e7a388f33ab24a528d0269396b2ecb,data/archive/objects/790f301a965088a40f889eeedc1b3dad38e7a388f33ab24a528d0269396b2ecb.pdf,pdf,1078146,2021--usaaao--first-round--tasks--en--theory--exam--official.pdf,1,https://usaaao.org/wp-content/uploads/2021/02/usaaao2021_exam1.pdf,usaaao,2021,first-round,tasks,en
93732457b4171b316b1847e4bcfccdef33195a1f8beefbaa2440a0c311994c26,data/archive/objects/93732457b4171b316b1847e4bcfccdef33195a1f8beefbaa2440a0c311994c26.pdf,pdf,381823,2021--usaaao--national--solutions--en--theory--official.pdf,1,https://usaaao.org/wp-content/uploads/2021/03/usaaao_second_exam_2021_solutions.pdf,usaaao,2021,national,solutions,en
50bedb6aebf8078fb7851dbf64143ccbf6817f9b0df7e422615eb26c3bf39530,data/archive/objects/50bedb6aebf8078fb7851dbf64143ccbf6817f9b0df7e422615eb26c3bf39530.pdf,pdf,300773,2021--usaaao--national--tasks--en--theory--exam--official.pdf,1,https://usaaao.org/wp-content/uploads/2021/03/usaaao_second_exam_2021_final.pdf,usaaao,2021,national,tasks,en
ace787acfe70532a39e4f332b4c849881d708a062738420f4af5eca63d4e4aff,data/archive/objects/ace787acfe70532a39e4f332b4c849881d708a062738420f4af5eca63d4e4aff.pdf,pdf,5449854,2022--usaaao--first-round--solutions--en--theory--official.pdf,1,https://usaaao.org/wp-content/uploads/2022/02/usaaao_first_exam_2022_solutions-1.pdf,usaaao,2022,first-round,solutions,en
b8e423bbec6c4e18cfb7ae29a5c1bd85890b64e28b61b7ba103ee08361a85f51,data/archive/objects/b8e423bbec6c4e18cfb7ae29a5c1bd85890b64e28b61b7ba103ee08361a85f51.pdf,pdf,4273040,2022--usaaao--first-round--tasks--en--theory--exam--official.pdf,1,https://usaaao.org/wp-content/uploads/2022/02/usaaao_first_exam_2022_problems.pdf,usaaao,2022,first-round,tasks,en
f9b102a2c461bee1bae4d90b0d155845db76a729854559ec25b33988773b0e6d,data/archive/objects/f9b102a2c461bee1bae4d90b0d155845db76a729854559ec25b33988773b0e6d.pdf,pdf,1016147,2022--usaaao--national--solutions--en--theory--official.pdf,1,https://usaaao.org/wp-content/uploads/2022/03/usaaao_second_exam_2022_solutions.pdf,usaaao,2022,national,solutions,en
028111fff97b1a58d263738f60db28aac62b6aff317e91d83e06174b6bbda973,data/archive/objects/028111fff97b1a58d263738f60db28aac62b6aff317e91d83e06174b6bbda973.pdf,pdf,913432,2022--usaaao--national--tasks--en--theory--exam--official.pdf,1,https://usaaao.org/wp-content/uploads/2022/03/usaaao_second_exam_2022_problems.pdf,usaaao,2022,national,tasks,en
7c105296746b361395b915b65035402c239454d3b8ecbc8e6d7e3fbb33e66449,data/archive/objects/7c105296746b361395b915b65035402c239454d3b8ecbc8e6d7e3fbb33e66449.pdf,pdf,1980737,2023--usaaao--first-round--solutions--en--theory--official.pdf,1,https://usaaao.org/wp-content/uploads/2023/02/usaaao_first_exam_2023_solutions.pdf,usaaao,2023,first-round,solutions,en
09c98e3c970f6ddb09b8f787f589eccf0c527c9660d20c83e64d84ef70ce9d16,data/archive/objects/09c98e3c970f6ddb09b8f787f589eccf0c527c9660d20c83e64d84ef70ce9d16.pdf,pdf,1558115,2023--usaaao--first-round--tasks--en--theory--exam--official.pdf,1,https://usaaao.org/wp-content/uploads/2023/02/usaaao_first_exam_2023.pdf,usaaao,2023,first-round,tasks,en
2ba318e37630f5a3dd38c6d6039b10b3fb948d13ea6afce995146aad533ddfce,data/archive/objects/2ba318e37630f5a3dd38c6d6039b10b3fb948d13ea6afce995146aad533ddfce.pdf,pdf,694600,2023--usaaao--national--solutions--en--theory--official.pdf,1,https://usaaao.org/wp-content/uploads/2023/09/second_exam_2023_sols-1.pdf,usaaao,2023,national,solutions,en
a62d8eb078e8f43ddedeaded9900b24080ee3856896c68024cd3dac230744e42,data/archive/objects/a62d8eb078e8f43ddedeaded9900b24080ee3856896c68024cd3dac230744e42.pdf,pdf,426860,2023--usaaao--national--tasks--en--theory--exam--official.pdf,1,https://usaaao.org/wp-content/uploads/2023/09/second_exam_2023-1.pdf,usaaao,2023,national,tasks,en
d25d933e52675cc91fc8c6f6331b9961e3722c78f426f6fa499bd9a2e722bf5a,data/archive/objects/d25d933e52675cc91fc8c6f6331b9961e3722c78f426f6fa499bd9a2e722bf5a.pdf,pdf,1680506,2024--usaaao--first-round--solutions--en--theory--official.pdf,1,https://usaaao.org/wp-content/uploads/2025/09/usaaao_first_exam_2024.pdf,usaaao,2024,first-round,solutions,en
330799f9103259abbb1278e876df7defb5633fefd07ccfca71c645e88ba125c2,data/archive/objects/330799f9103259abbb1278e876df7defb5633fefd07ccfca71c645e88ba125c2.pdf,pdf,1492476,2024--usaaao--first-round--tasks--en--theory--exam--official.pdf,1,https://usaaao.org/wp-content/uploads/2024/02/usaaao_first_exam_2024-3.pdf,usaaao,2024,first-round,tasks,en
1714a4d10020895c1ecf84254a6e57d5b74efef1f26d3aeee22e839eae4ae75a,data/archive/objects/1714a4d10020895c1ecf84254a6e57d5b74efef1f26d3aeee22e839eae4ae75a.pdf,pdf,1600624,2024--usaaao--national--solutions--en--theory--official.pdf,1,https://usaaao.org/wp-content/uploads/2024/05/second_exam_2024-1.pdf,usaaao,2024,national,solutions,en
65560025f9b5df1f8961180745a998612e01e3c41df22a69bc02d843b2200a5e,data/archive/objects/65560025f9b5df1f8961180745a998612e01e3c41df22a69bc02d843b2200a5e.pdf,pdf,1134525,2024--usaaao--national--tasks--en--theory--exam--official.pdf,1,https://usaaao.org/wp-content/uploads/2024/05/second_exam_2024.pdf,usaaao,2024,national,tasks,en
9108768ed5e05dc8c6dc5a0fc4b48f28fbec82f0aba84e654b10277f5ea2efc7,data/archive/objects/9108768ed5e05dc8c6dc5a0fc4b48f28fbec82f0aba84e654b10277f5ea2efc7.pdf,pdf,706207,2025--usaaao--first-round--solutions--en--theory--official.pdf,1,https://usaaao.org/wp-content/uploads/2025/09/usaaao_first_exam_sol_2025-1.pdf,usaaao,2025,first-round,solutions,en
978fa628eac88cef5f528dc9ef945dd26139f672abd9089984b1f3126a93c105,data/archive/objects/978fa628eac88cef5f528dc9ef945dd26139f672abd9089984b1f3126a93c105.pdf,pdf,330841,2025--usaaao--first-round--tasks--en--theory--exam--official.pdf,1,https://usaaao.org/wp-content/uploads/2025/02/exam_2025.pdf,usaaao,2025,first-round,tasks,en
a527d2c68ed2fc6875a9ff54aaf6a7037b59e2511fbe89f0aae969b50872a361,data/archive/objects/a527d2c68ed2fc6875a9ff54aaf6a7037b59e2511fbe89f0aae969b50872a361.pdf,pdf,951580,2025--usaaao--national--solutions--en--theory--official.pdf,1,https://usaaao.org/wp-content/uploads/2025/05/sol.pdf,usaaao,2025,national,solutions,en
256b3a8f8bd7966cc9b2ab6de7d9e5c58fef5d7b3ae85b213a3f30672cc7e8f5,data/archive/objects/256b3a8f8bd7966cc9b2ab6de7d9e5c58fef5d7b3ae85b213a3f30672cc7e8f5.pdf,pdf,509746,2025--usaaao--national--tasks--en--test--exam--official.pdf,1,https://usaaao.org/wp-content/uploads/2025/05/test.pdf,usaaao,2025,national,tasks,en
d2f2f6ed9e4c5cb45eddc23536a2327572d2a6bdc2ae5165469d830913485245,data/archive/objects/d2f2f6ed9e4c5cb45eddc23536a2327572d2a6bdc2ae5165469d830913485245.pdf,pdf,1437796,2026--usaaao--first-round--solutions--en--theory--official.pdf,1,https://usaaao.org/wp-content/uploads/2026/02/usaaao_first_exam_solution_2026.pdf,usaaao,2026,first-round,solutions,en
7375cba292fae3602016d473503bd603df2ad25f543c49f0e8cccbe3b9f335e3,data/archive/objects/7375cba292fae3602016d473503bd603df2ad25f543c49f0e8cccbe3b9f335e3.pdf,pdf,1218512,2026--usaaao--first-round--tasks--en--theory--exam--official.pdf,1,https://usaaao.org/wp-content/uploads/2026/02/usaaao_first_exam_2026.pdf,usaaao,2026,first-round,tasks,en
e453334d8fc1ac5663ff367d5ce288b2166f3f21100c40144b9593249314038b,data/archive/objects/e453334d8fc1ac5663ff367d5ce288b2166f3f21100c40144b9593249314038b.pdf,pdf,1756723,2026--usaaao--national--solutions--en--theory--official.pdf,1,https://usaaao.org/wp-content/uploads/2026/05/usaaao_second_exam_2026_solution-1.pdf,usaaao,2026,national,solutions,en
7bfd78cd05796d0a6e6090caa4b3dc70b34b1f7356786301e8b28d0d24096f13,data/archive/objects/7bfd78cd05796d0a6e6090caa4b3dc70b34b1f7356786301e8b28d0d24096f13.pdf,pdf,302473,2026--usaaao--national--tasks--en--theory--exam--official.pdf,1,https://usaaao.org/wp-content/uploads/2026/05/usaaao_second_exam_2026.pdf,usaaao,2026,national,tasks,en
1fafb5b58decc0ecc253413a2004e82a47fa79a3f2632832f88265c3e2d14a1a,data/archive/objects/1fafb5b58decc0ecc253413a2004e82a47fa79a3f2632832f88265c3e2d14a1a.pdf,pdf,70105,2026--usaaao--selection--info--en--theory--official-v2.pdf,1,https://usaaao.org/wp-content/uploads/2016/06/physical-constants.pdf,usaaao,2026,selection,info,en
70902431b2c348441d9b942ad16144a9efb086a6193a60e97af6929536cd87ed,data/archive/objects/70902431b2c348441d9b942ad16144a9efb086a6193a60e97af6929536cd87ed.pdf,pdf,74514,2026--usaaao--selection--info--en--theory--official.pdf,1,https://usaaao.org/wp-content/uploads/2016/06/ioaa_syllabus.pdf,usaaao,2026,selection,info,en
21dd088f79287684969703b117136ddbe34374d664c76f9a0df79b04d5e9bf5b,data/archive/objects/21dd088f79287684969703b117136ddbe34374d664c76f9a0df79b04d5e9bf5b.pdf,pdf,3639872,2026--usaaao--selection--solutions--en--practical--official-v2.pdf,1,https://usaaao.org/wp-content/uploads/2026/06/2026_third_round_practical_solution-1.pdf,usaaao,2026,selection,solutions,en
90a18480c9ea2dacfc68cbfa4357858097bcf055e475fd7b8bc694fb2922cc4d,data/archive/objects/90a18480c9ea2dacfc68cbfa4357858097bcf055e475fd7b8bc694fb2922cc4d.pdf,pdf,380459,2026--usaaao--selection--solutions--en--practical--official.pdf,1,https://usaaao.org/wp-content/uploads/2026/06/2026_third_round_practical_ans_sheet.pdf,usaaao,2026,selection,solutions,en
e051458fca1968f313a0327e3e17259af3b8b45f9e94bb60b9db3b437751f53e,data/archive/objects/e051458fca1968f313a0327e3e17259af3b8b45f9e94bb60b9db3b437751f53e.pdf,pdf,682986,2026--usaaao--selection--solutions--en--theory--official.pdf,1,https://usaaao.org/wp-content/uploads/2026/06/2026_third_round_theory_solution-1.pdf,usaaao,2026,selection,solutions,en
274855b5530ce307ef33c8cdffabc100c3ff6b689d961159cb9e25e7f6652464,data/archive/objects/274855b5530ce307ef33c8cdffabc100c3ff6b689d961159cb9e25e7f6652464.pdf,pdf,316559,2026--usaaao--selection--tasks--en--practical--exam--official.pdf,1,https://usaaao.org/wp-content/uploads/2026/06/practical.pdf,usaaao,2026,selection,tasks,en
2b2db9b521c6fd66bee81db0705d0e5cae2451a3d69a5e2cd5a59db13c7a3db7,data/archive/objects/2b2db9b521c6fd66bee81db0705d0e5cae2451a3d69a5e2cd5a59db13c7a3db7.pdf,pdf,351599,2026--usaaao--selection--tasks--en--theory--exam--official.pdf,1,https://usaaao.org/wp-content/uploads/2026/06/theory.pdf,usaaao,2026,selection,tasks,en
